UUID,User Type,User sub type,Declared State,District,Block,School Name,School ID,Declared Board,Org Name,Program Name,Program ID,Project ID,Project Title,Project Objective,Project start date of the user,Project completion date of the user,Project Duration,Last Synced date,Project Status
0e0ebece-85c1-4855-b83d-666df314fa92,Null,"HM,DEO,SPD",Andhra Pradesh,KRISHNA,GANNAVARAM,MPPS ALLAPURAM,28162102201.0,Null,Null,Testing program 4.7,PGM-FD255-testing_program-4.7,62a98b9a7871b60008d34eb2,Project with Mandatory Tasks and Subtasks - FD260,Project with Mandatory Tasks and Subtasks - FD260,2022-06-15T07:34:50.603+05:30,Null,2 weeks,2022-06-16T10:58:19.377+05:30,inProgress
154ab19a-e91d-414d-840c-159f7378949e,Null,"HM,DEO",Andhra Pradesh,EAST GODAVARI,ALAMURU,MPPS NARSIPUDI COLONY,28144200402.0,Null,Null,Testing program 4.7,PGM-FD255-testing_program-4.7,62b487a07871b60008d3590c,Project with Mandatory Tasks and Subtasks - FD260,Project with Mandatory Tasks and Subtasks - FD260,2022-06-23T15:32:48.599+05:30,2022-06-23T15:36:05.311+05:30,2 weeks,2022-06-23T15:36:05.301+05:30,submitted
2b7c9de2-f930-4f3b-8bdb-f1a1e583f309,Null,DEO,Andhra Pradesh,KRISHNA,A.KONDURU,Null,Null,Null,Null,Testing program 4.7,PGM-FD255-testing_program-4.7,62b9afda7871b60008d35eae,Project with Mandatory Tasks and Subtasks - FD260,Project with Mandatory Tasks and Subtasks - FD260,2022-06-27T13:25:46.659+05:30,2022-06-27T13:28:37.588+05:30,2 weeks,2022-06-27T13:28:37.579+05:30,submitted
3b1b8620-c22d-47ce-9fed-35adb074d7ee,Null,"DEO,HM",Andhra Pradesh,EAST GODAVARI,ALAMURU,MPPS (GN) CHEMUDULANKA,28144200303.0,Null,Null,Testing program 4.7,PGM-FD255-testing_program-4.7,62b421267871b60008d357bb,Project with Mandatory Tasks and Subtasks - FD260,Project with Mandatory Tasks and Subtasks - FD260,2022-06-23T08:15:34.440+05:30,2022-06-23T09:45:22.967+05:30,2 weeks,2022-06-23T09:45:22.956+05:30,submitted
ecd5bbb9-5db2-4720-a51c-12fe1715d406,Null,HM,Andhra Pradesh,KRISHNA,BAPULAPADU,ZPHS REMALLI,28162600904.0,Null,Null,Testing program 4.7,PGM-FD255-testing_program-4.7,62b7057c7871b60008d35b22,Project with Mandatory Tasks and Subtasks - FD260,Project with Mandatory Tasks and Subtasks - FD260,2022-06-25T12:54:20.758+05:30,2022-06-25T14:12:00.528+05:30,2 weeks,2022-06-25T14:12:00.519+05:30,submitted
ef0325e4-db5b-4dfc-95a8-89b3e53aca0e,administrator,"HM,DEO",Andhra Pradesh,ANANTAPUR,AGALI,MPPS RAMANAHALLI,28226200404.0,State (Karnataka),Staging Custodian Organization,Testing program 4.7,PGM-FD255-testing_program-4.7,62bc3c24cf8b5d0008906e5a,Project with Mandatory Tasks and Subtasks - FD260,Project with Mandatory Tasks and Subtasks - FD260,2022-06-29T11:48:49.477+05:30,2022-06-29T11:50:59.512+05:30,2 weeks,2022-06-29T11:50:59.497+05:30,submitted
fe7ecff7-3086-489d-9ac2-02634e641d12,Null,"HM,DEO,SPD",Andhra Pradesh,NELLORE,NELLORE,MCPS SANTHAPET,28192590424.0,Null,Null,Testing program 4.7,PGM-FD255-testing_program-4.7,6299aa057871b60008d3411c,Project with Mandatory Tasks and Subtasks - FD260,Project with Mandatory Tasks and Subtasks - FD260,2022-06-03T06:28:21.954+05:30,Null,2 weeks,Null,started
